,NO3,geometry,longitude,latitude,y_hat,error,y_cls
0,294.0,POINT (42.99990000000201 11.41959999999982),42.99990000000201,11.41959999999982,89.24732578859344,204.75267421140654,3
1,287.0,POINT (43.21140000000235 11.459199999999806),43.21140000000235,11.459199999999806,64.79103867282024,222.20896132717976,3
2,104.0,POINT (43.22040000000237 11.460099999999803),43.22040000000237,11.460099999999803,36.10971130959356,67.89028869040644,2
3,24.1,POINT (43.208700000002345 11.460999999999803),43.208700000002345,11.460999999999803,24.751169888958184,0.651169888958183,1
4,13.0,POINT (43.21050000000235 11.461899999999805),43.21050000000235,11.461899999999805,21.710833114362938,8.710833114362938,1
5,26.8,POINT (43.20420000000234 11.462799999999804),43.20420000000234,11.462799999999804,58.35715741367278,31.55715741367278,3
6,15.835,POINT (43.20510000000234 11.462799999999804),43.20510000000234,11.462799999999804,23.454126944610334,7.619126944610333,1
7,125.0,POINT (43.214100000002354 11.462799999999804),43.214100000002354,11.462799999999804,66.1790116368707,58.8209883631293,3
8,27.95,POINT (43.20060000000233 11.467299999999804),43.20060000000233,11.467299999999804,24.56960894510001,3.380391054899988,1
9,19.99,POINT (43.20150000000233 11.468199999999802),43.20150000000233,11.468199999999802,32.641456235564235,12.651456235564236,2
10,158.25,POINT (43.202400000002335 11.468199999999802),43.202400000002335,11.468199999999802,66.8401259916519,91.4098740083481,3
11,28.395,POINT (43.183500000002304 11.469099999999802),43.183500000002304,11.469099999999802,59.42730024110855,31.032300241108548,3
12,37.46,POINT (43.20150000000233 11.469099999999802),43.20150000000233,11.469099999999802,36.96495070825784,0.4950492917421627,2
13,32.31,POINT (43.21680000000236 11.469099999999802),43.21680000000236,11.469099999999802,17.746357274328872,14.56364272567113,1
14,111.25,POINT (43.18980000000232 11.4708999999998),43.18980000000232,11.4708999999998,50.31082806788002,60.93917193211998,3
15,47.7,POINT (43.15650000000226 11.4744999999998),43.15650000000226,11.4744999999998,67.5963579622428,19.896357962242803,3
16,25.82,POINT (43.18620000000231 11.480799999999798),43.18620000000231,11.480799999999798,24.074744430306385,1.7452555696936152,1
17,16.02,POINT (43.202400000002335 11.483499999999797),43.202400000002335,11.483499999999797,19.95249039741042,3.932490397410419,1
18,156.0,POINT (43.16910000000228 11.492499999999794),43.16910000000228,11.492499999999794,49.52749988370508,106.47250011629492,2
19,21.67,POINT (43.152900000002255 11.50149999999979),43.152900000002255,11.50149999999979,65.32906632766516,43.65906632766516,3
20,130.0,POINT (43.16100000000227 11.50419999999979),43.16100000000227,11.50419999999979,65.41723481525602,64.58276518474398,3
21,34.4,POINT (43.178100000002296 11.50509999999979),43.178100000002296,11.50509999999979,29.650266810053797,4.749733189946202,2
22,18.4,POINT (43.1790000000023 11.505999999999789),43.1790000000023,11.505999999999789,22.7727504388743,4.372750438874302,1
23,27.5,POINT (43.1799000000023 11.505999999999789),43.1799000000023,11.505999999999789,18.192776586016333,9.307223413983667,1
24,9.44,POINT (43.1808000000023 11.505999999999789),43.1808000000023,11.505999999999789,17.047937030754532,7.607937030754533,1
25,134.0,POINT (43.13220000000222 11.507799999999788),43.13220000000222,11.507799999999788,38.06766453154469,95.9323354684553,2
26,27.5,POINT (43.15740000000226 11.507799999999788),43.15740000000226,11.507799999999788,55.66911379382477,28.16911379382477,3
27,20.8,POINT (43.178100000002296 11.508699999999788),43.178100000002296,11.508699999999788,17.951542725162984,2.848457274837017,1
28,64.6,POINT (43.1799000000023 11.509599999999788),43.1799000000023,11.509599999999788,19.572469155184997,45.027530844815,1
29,6.55,POINT (43.178100000002296 11.510499999999787),43.178100000002296,11.510499999999787,18.408554252301016,11.858554252301015,1
30,48.6,POINT (43.14930000000225 11.513199999999786),43.14930000000225,11.513199999999786,67.34074937208547,18.740749372085467,3
31,23.6,POINT (43.11330000000219 11.514099999999786),43.11330000000219,11.514099999999786,33.20972178901502,9.609721789015019,2
32,53.4,POINT (43.13310000000222 11.514999999999786),43.13310000000222,11.514999999999786,52.84098412754298,0.5590158724570173,3
33,10.52,POINT (43.13580000000223 11.517699999999785),43.13580000000223,11.517699999999785,39.3501686673753,28.8301686673753,2
34,375.0,POINT (43.13490000000223 11.518599999999784),43.13490000000223,11.518599999999784,79.18469415594785,295.81530584405215,3
35,19.450000000000003,POINT (43.15110000000225 11.518599999999784),43.15110000000225,11.518599999999784,47.70587731721762,28.255877317217617,2
36,21.48,POINT (43.16100000000227 11.518599999999784),43.16100000000227,11.518599999999784,21.766480335326662,0.2864803353266616,1
37,39.6,POINT (43.13670000000223 11.52669999999978),43.13670000000223,11.52669999999978,78.84390434158871,39.24390434158871,3
38,108.0,POINT (43.15650000000226 11.52669999999978),43.15650000000226,11.52669999999978,59.10546233079636,48.89453766920364,3
39,39.1,POINT (43.07100000000212 11.53029999999978),43.07100000000212,11.53029999999978,77.53164176258926,38.43164176258926,3
40,63.9,POINT (43.13490000000223 11.53209999999978),43.13490000000223,11.53209999999978,70.33681396812939,6.4368139681293925,3
41,176.0,POINT (43.13670000000223 11.53299999999978),43.13670000000223,11.53299999999978,83.25215785352628,92.74784214647372,3
42,353.0,POINT (43.13490000000223 11.53389999999978),43.13490000000223,11.53389999999978,82.30280571178255,270.6971942882175,3
43,57.9,POINT (43.13940000000223 11.53389999999978),43.13940000000223,11.53389999999978,67.68267148879934,9.782671488799345,3
44,90.0,POINT (43.13040000000222 11.538399999999776),43.13040000000222,11.538399999999776,59.56127305020871,30.43872694979129,3
45,43.6,POINT (43.029600000002056 11.540199999999777),43.029600000002056,11.540199999999777,48.738525981651335,5.138525981651334,2
46,150.0,POINT (43.04130000000208 11.541099999999776),43.04130000000208,11.541099999999776,79.07395015483637,70.92604984516363,3
47,42.8,POINT (43.13490000000223 11.541099999999776),43.13490000000223,11.541099999999776,53.503216843375384,10.703216843375387,3
48,52.7,POINT (43.00620000000202 11.541999999999776),43.00620000000202,11.541999999999776,47.92941505901365,4.770584940986353,2
49,40.3,POINT (43.12950000000222 11.541999999999776),43.12950000000222,11.541999999999776,72.78165273302889,32.481652733028895,3
50,58.8,POINT (43.12950000000222 11.543799999999775),43.12950000000222,11.543799999999775,59.770257551639304,0.9702575516393068,3
51,50.3,POINT (43.13040000000222 11.544699999999777),43.13040000000222,11.544699999999777,40.69181287091484,9.60818712908516,2
52,54.6,POINT (42.99990000000201 11.545599999999776),42.99990000000201,11.545599999999776,48.32152976290245,6.278470237097551,2
53,37.2,POINT (42.98460000000198 11.55639999999977),42.98460000000198,11.55639999999977,47.73742800296142,10.53742800296142,2
54,44.1,POINT (43.00080000000201 11.55999999999977),43.00080000000201,11.55999999999977,47.62246350888551,3.522463508885508,2
55,212.0,POINT (43.07010000000212 11.55999999999977),43.07010000000212,11.55999999999977,53.52882117491028,158.47117882508974,3
56,58.6,POINT (43.07100000000212 11.563599999999768),43.07100000000212,11.563599999999768,65.69311813801842,7.0931181380184185,3
57,37.2,POINT (43.07550000000213 11.575299999999764),43.07550000000213,11.575299999999764,33.929834999704816,3.2701650002951865,2
