,longitude,latitude,Depth,NO3
0,41.83888888888889,11.130555555555556,,12.0
1,41.85013888888889,11.703416666666666,,23.02
2,41.8669,11.685625,,2.123
3,41.869305555555556,11.1135,,1.57
4,41.86933333333334,11.1135,,1.65
5,41.86944444444445,11.113777777777777,,8.3
6,41.86961111111111,11.113083333333332,,0.95
7,41.86997222222222,11.112972222222222,,3.36
8,41.870194444444444,11.112916666666667,,3.83
9,41.870333333333335,11.113833333333332,,0.99
10,41.87502777777778,11.113777777777777,,0.61
11,41.8775,11.114055555555556,,4.6
12,41.879,11.1485,,0.34
13,41.879083333333334,11.148527777777778,,37.0
14,41.87913888888889,11.148527777777778,,0.32
15,41.880611111111115,11.148055555555555,,2.31
16,41.881083333333336,11.14811111111111,,1.46
17,41.88133333333333,11.147472222222222,,0.77
18,41.88169444444444,11.144833333333333,,0.62
19,41.88596666666667,11.671730555555555,,1.72
20,41.89013888888889,11.105777777777778,,0.9
21,41.89497222222222,11.102416666666667,,1.2
22,41.90893888888889,11.564180555555556,,4.39
23,41.91082222222222,11.652583333333334,,1.93
24,41.91798333333333,11.65,,2.754
25,41.92520277777778,11.64348888888889,,2.195
26,41.937466666666666,11.513102777777778,,5.516
27,41.949774999999995,11.654486111111112,,12.54
28,41.951036111111115,11.625502777777779,,5.83
29,41.96333055555556,11.01713888888889,9.0,19.3
30,41.976980555555556,11.60841111111111,,1.46
31,42.05416666666667,11.80388888888889,12.0,50.58
32,42.07853055555556,11.398824999999999,,17.31
33,42.08555555555556,11.73,8.0,10.4
34,42.085747222222224,11.737499999999999,10.0,15.92
35,42.10527777777778,11.688608333333333,13.0,9.23
36,42.10916666666667,11.702388888888889,9.0,43.0
37,42.11017777777778,11.474166666666667,,3.668
38,42.11027777777778,11.720833333333333,10.0,2.12
39,42.115,11.669138888888888,10.0,110.18
40,42.13913888888889,11.358336111111111,,10.46
41,42.13970277777778,11.760419444444445,,22.52
42,42.168055555555554,11.118027777777778,,8.0
43,42.22327777777778,11.283305555555556,13.0,9.91
44,42.24604807227888,11.092606984091365,10.78,12.4
45,42.24616666666667,11.092666666666668,,7.3
46,42.25694444444444,12.04861111111111,,6.27
47,42.25941666666667,11.209416666666666,,21.5
48,42.26027777777778,12.067222222222222,,8.65
49,42.26154047912632,11.208116170949632,80.0,37.199999999999996
50,42.2625,12.047222222222222,,4.56
51,42.263888888888886,12.075555555555557,,5.8
52,42.269999999999996,12.034166666666668,,1.99
53,42.270833333333336,12.033333333333333,,9.01
54,42.27166666666667,12.033333333333333,,11.9
55,42.272938054757354,11.136117293073449,6.7,9.92
56,42.27752777777778,11.452305555555554,,25.7
57,42.27944166666666,11.96888888888889,12.0,25.8
58,42.279870844922605,11.151059902175088,47.0,6.2
59,42.28288640525521,11.126811677633848,7.83,55.800000000000004
60,42.28361111111111,11.954444444444444,,8.04
61,42.28444444444444,11.938333333333334,,3.91
62,42.28527777777778,11.935277777777777,,7.3
63,42.286944444444444,12.044444444444444,,13.9
64,42.2875,12.043888888888889,,12.3
65,42.288333333333334,11.938888888888888,,12.6
66,42.28888888888889,12.020833333333334,,8.9
67,42.29055555555556,11.951944444444445,,4.77
68,42.29083333333333,11.949722222222222,,5.11
69,42.29083333333333,11.950277777777778,,5.3
70,42.29083333333333,11.951666666666666,,16.7
71,42.29222222222222,11.945833333333333,,2.03
72,42.2925,11.945277777777777,,5.25
73,42.293055555555554,11.945,,8.43
74,42.29333333333333,11.944444444444445,,12.1
75,42.29361111111111,11.943611111111112,,5.16
76,42.29388888888889,11.943333333333333,,4.07
77,42.29416666666666,11.9325,,0.81
78,42.29861111111111,11.981666666666667,,14.2
79,42.29861111111111,11.993611111111111,,5.32
80,42.300555555555555,12.040833333333333,,19.3
81,42.30166666666666,11.958055555555555,,7.93
82,42.301944444444445,11.948055555555555,,4.94
83,42.30222222222222,11.956944444444444,,7.83
84,42.302499999999995,11.9475,,3.75
85,42.302499999999995,12.039166666666668,,14.8
86,42.30361111111111,11.9475,,5.16
87,42.303888888888885,11.937222222222221,,5.32
88,42.30472222222222,11.959999999999999,,3.94
89,42.30472222222222,11.961944444444443,,6.73
90,42.305,11.951388888888888,,4.73
91,42.305,11.960277777777778,,5.27
92,42.305,12.036944444444446,,10.3
93,42.306666666666665,11.96,,7.2
94,42.30713437934657,11.166005352426518,2.68,71.3
95,42.30777777777777,12.044166666666667,,17.2
96,42.309444444444445,12.043055555555556,,14.1
97,42.31027777777778,12.033333333333335,,15.7
98,42.31055555555555,12.033055555555556,,16.3
99,42.310833333333335,12.041944444444445,,14.0
100,42.310833333333335,12.042222222222223,,7.18
101,42.315,12.026666666666667,,16.1
102,42.318888888888885,12.016944444444444,,19.1
103,42.318888888888885,12.025,,16.5
104,42.31944444444444,12.016944444444444,,13.9
105,42.323055555555555,12.017777777777777,,28.3
106,42.325833333333335,11.92611111111111,,24.8
107,42.32638888888889,12.014166666666666,,14.9
108,42.32694444444445,12.01361111111111,,15.2
109,42.32777777777778,12.01388888888889,,18.6
110,42.328611111111115,12.011666666666667,,12.3
111,42.330000000000005,12.010833333333334,,15.5
112,42.33027777777778,12.010277777777778,,17.4
113,42.33027777777778,12.011388888888888,,15.3
114,42.330555555555556,12.009722222222223,,18.9
115,42.330555555555556,12.0125,,14.8
116,42.33083333333334,11.916666666666666,,9.92
117,42.33083333333334,12.009722222222223,,11.8
118,42.33222222222223,12.009166666666667,,24.6
119,42.33305555555556,12.007222222222222,,12.1
120,42.33361111111111,11.902222222222223,,17.0
121,42.33361111111111,11.9025,,13.4
122,42.33388888888889,11.920277777777779,,29.8
123,42.33388888888889,11.921944444444446,,12.8
124,42.33444444444444,11.900277777777777,,11.5
125,42.33444444444445,12.007222222222222,,15.2
126,42.33527777777778,11.910555555555556,,20.5
127,42.33583333333333,11.918055555555556,,6.97
128,42.33663266898846,11.016616037164985,4.5,94.24
129,42.33694444444445,11.906666666666666,,10.9
130,42.33777777777778,12.00388888888889,,13.3
131,42.33777777777778,12.004444444444445,,15.4
132,42.338055555555556,11.904444444444444,,11.9
133,42.33833333333334,11.903888888888888,,9.94
134,42.338888888888896,11.9125,,13.8
135,42.33916666666667,12.001944444444444,,14.6
136,42.34055555555556,11.995833333333332,,2.64
137,42.34471944444444,12.087777777777779,10.0,31.31
138,42.35650758101741,11.076601640604508,60.0,83.08
139,42.36245209440951,11.091010319244775,120.0,37.199999999999996
140,42.37105732615514,11.096425246728447,102.0,99.2
141,42.37411224453205,11.04106667143025,123.0,55.800000000000004
142,42.384842636568095,11.105734017002893,141.0,76.88
143,42.43175,11.206669444444444,150.0,47.3
144,42.43175,11.20667,150.0,47.3
145,42.45138888888889,11.227219444444444,12.0,107.74
146,42.45277777777778,12.147777777777778,,45.4
147,42.46913888888889,11.230277777777777,11.0,1.55
148,42.47249722222222,11.202747222222222,9.0,74.55
149,42.49930609034837,11.165114933277934,115.0,104.16
150,42.50116495890848,11.17138329135346,168.0,99.2
151,42.501666666666665,11.268691666666667,13.0,27.43
152,42.501777777777775,11.268691666666667,11.0,23.46
153,42.50277777777778,12.180555555555555,304.0,7.68
154,42.504419444444444,11.1654,140.0,75.8
155,42.50442,11.1654,140.0,75.8
156,42.504558333333335,11.16525,115.0,79.6
157,42.50456,11.16525,115.0,79.6
158,42.5125,11.75,10.0,33.23
159,42.52110833333333,11.26838888888889,9.0,32.16
160,42.52780833333333,11.145108333333333,139.0,33.8
161,42.52781,11.14511,139.0,33.8
162,42.52811993339819,11.143766974189893,129.0,37.199999999999996
163,42.5281293121445,11.143739943219236,94.0,65.10000000000001
164,42.53030727567699,11.105715879601762,7.0,45.88
165,42.54679777687962,11.127167163686664,11.0,93.0
166,42.54682530053666,11.127158352218922,11.0,92.38
167,42.56919166666667,11.180555555555555,8.0,40.77
168,42.58324722222223,11.29443888888889,156.0,247.5
169,42.58325,11.29444,156.0,247.5
170,42.59638888888889,11.168330555555555,11.0,15.37
171,42.59721944444445,11.786111111111111,8.0,28.0
172,42.61177777777778,11.19593888888889,195.0,71.0
173,42.61178,11.19594,195.0,71.0
174,42.612337443572805,11.19471058387045,195.0,117.8
175,42.64632777777778,11.214827777777778,93.0,59.1
176,42.64633,11.21483,93.0,59.1
177,42.64671861946266,11.213454594422338,102.0,102.92
178,42.65043333333333,11.097100000000001,155.0,116.1
179,42.65139016189478,11.21303957588095,103.0,71.3
180,42.651719444444446,11.213077777777777,103.0,55.1
181,42.65172,11.21308,103.0,55.1
182,42.65221944444444,11.135469444444444,11.0,27.62
183,42.65277777777778,11.917258333333333,11.0,56.87
184,42.663888888888884,11.249169444444444,90.0,130.0
185,42.66389,11.24917,90.0,130.0
186,42.66638888888889,11.833330555555555,9.0,25.28
187,42.66638888888889,11.833925,12.0,47.17
188,42.66638888888889,11.836111111111112,14.0,22.0
189,42.66785833333333,11.213108333333333,150.0,49.8
190,42.66786,11.21311,150.0,49.8
191,42.67157777777778,11.207827777777776,190.0,255.7
192,42.67158,11.20783,19.0,255.7
193,42.671955845291095,11.206423101883491,120.0,99.2
194,42.672219444444444,11.33,161.0,122.0
195,42.67222,11.33,161.0,122.0
196,42.68055277777778,11.820830555555556,11.0,16.92
197,42.68512777777777,11.117647222222223,15.0,10.1
198,42.685566666666666,11.118708333333334,14.0,62.8
199,42.685849999999995,11.118722222222223,12.0,33.7
200,42.69583055555555,11.149719444444443,10.0,20.92
201,42.696299999999994,11.282669444444446,168.0,62.0
202,42.6963,11.28267,168.0,62.0
203,42.69910833333333,11.301527777777778,181.0,50.8
204,42.69911,11.30153,181.0,50.8
205,42.704883333333335,11.13225,146.0,3.4
206,42.71093333333334,11.1383,138.0,4.2
207,42.71253333333333,11.13655,130.0,2.7
208,42.713055555555556,11.149441666666666,8.0,9.23
209,42.718808333333335,11.258138888888888,114.0,142.0
210,42.71881,11.25814,114.0,142.0
211,42.72971944444445,11.669166666666666,12.0,20.3
212,42.73194166666667,11.841666666666667,8.0,9.1
213,42.743608333333334,11.796941666666667,8.0,16.02
214,42.744166666666665,11.960830555555555,15.0,14.0
215,42.75232777777778,11.351219444444444,155.0,119.0
216,42.75233,11.35122,155.0,119.0
217,42.75507777777778,11.3815,160.0,54.3
218,42.75508,11.3815,160.0,54.3
219,42.75795,11.398419444444444,170.0,32.5
220,42.75795,11.39842,170.0,32.5
221,42.75833055555555,11.913608333333334,12.0,135.4
222,42.76102777777778,11.423219444444443,132.0,14.8
223,42.76103,11.42322,132.0,14.8
224,42.76111111111111,11.872222222222224,9.0,15.78
225,42.78341944444444,11.437608333333333,92.0,17.7
226,42.78342,11.43761,92.0,17.7
227,42.784908333333334,11.217630555555555,10.0,2.6
228,42.78565833333333,11.218147222222223,9.0,136.1
229,42.78610277777778,11.218208333333333,12.0,127.6
230,42.80031666666667,11.2185,11.0,71.1
231,42.80179444444444,11.226491666666666,41.0,26.1
232,42.8033,11.439169444444445,133.0,12.4
233,42.8033,11.43917,133.0,11.2
234,42.80333,11.43917,133.0,12.4
235,42.816747222222226,11.001897222222222,10.0,25.6
236,42.816750000000006,11.0019,11.0,71.1
237,42.81726944444445,11.444158333333334,135.0,29.6
238,42.81727,11.44416,135.0,29.6
239,42.81885833333334,11.250094444444445,9.0,65.3
240,42.82273055555556,10.991766666666665,11.0,18.8
241,42.82273333333334,10.991766666666665,6.0,65.3
242,42.824647222222225,10.991416666666666,9.0,21.53
243,42.824650000000005,10.991416666666666,8.0,136.1
244,42.82858055555556,10.989099999999999,10.0,20.8
245,42.828583333333334,10.989099999999999,10.0,127.6
246,42.830172222222224,11.250444444444444,8.0,15.71
247,42.830175000000004,11.250447222222222,6.0,24.9
248,42.83051666666667,10.986916666666666,8.0,36.8
249,42.83354444444445,11.250905555555555,8.0,36.8
250,42.83408055555556,10.981766666666667,11.0,21.53
251,42.83408333333333,10.981766666666667,4.0,24.7
252,42.83470555555556,11.251891666666667,10.0,181.2
253,42.83530277777778,11.252513888888888,11.0,24.7
254,42.83611666666667,10.984766666666665,6.0,23.6
255,42.838366666666666,10.981880555555556,8.0,20.04
256,42.838366666666666,10.981883333333334,6.0,181.2
257,42.842305555555555,11.495638888888887,61.0,29.0
258,42.84826666666667,11.047416666666667,7.0,21.8
259,42.84988888888889,11.500861111111112,132.0,30.7
260,42.85041666666667,11.501805555555556,118.0,41.0
261,42.851222222222226,11.268344444444445,10.0,37.8
262,42.851533333333336,11.019341666666667,10.0,49.9
263,42.85155555555556,11.019283333333334,8.0,69.2
264,42.85166944444445,11.268519444444445,13.0,23.6
265,42.85167222222223,11.268519444444445,8.0,22.1
266,42.851997222222224,10.981430555555555,14.0,51.98
267,42.852000000000004,10.981433333333333,3.0,37.8
268,42.85203333333334,11.268766666666668,11.0,10.9
269,42.857597222222225,10.981997222222223,10.0,11.58
270,42.8576,10.982,2.5,10.9
271,42.85968333333334,11.277016666666668,36.0,7.8
272,42.85969722222222,11.033530555555556,11.0,24.9
273,42.859700000000004,11.033533333333333,7.0,23.5
274,42.86483055555556,10.9769,9.0,15.24
275,42.86483333333334,10.9769,2.5,22.1
276,42.86796666666667,11.156483333333334,7.0,10.1
277,42.868941666666665,11.133505555555555,7.0,23.5
278,42.86913055555556,11.119316666666666,9.0,36.8
279,42.86921666666667,11.15665,7.0,2.6
280,42.87101666666667,10.9707,3.0,22.2
281,42.88056666666667,11.02365,8.0,69.2
282,42.881480555555555,10.97315,9.0,10.42
283,42.881483333333335,10.97315,2.5,3.1
284,42.884966666666664,10.969766666666667,3.0,7.0
285,42.88605555555556,11.119230555555555,11.0,21.8
286,42.88916666666667,11.131430555555555,12.0,38.0
287,42.88916666666667,11.131433333333334,4.5,33.7
288,42.89816666666667,11.131833333333335,5.0,62.8
289,42.904333333333334,11.308377777777778,75.0,7.5
290,42.91053055555555,11.099966666666667,11.0,3.1
291,42.91053333333333,11.099966666666667,10.0,49.9
292,42.916666666666664,11.787219444444444,11.0,117.9
293,42.91721944444444,11.863608333333334,7.0,55.22
294,42.91860833333333,11.790277777777778,9.0,24.57
295,42.92075833333333,11.285833333333333,12.0,4.97
296,42.92076111111111,11.285836111111111,5.0,37.2
297,42.944963888888886,11.34532777777778,175.0,64.0
298,42.96193055555556,11.009080555555556,9.0,22.2
299,42.961933333333334,11.009083333333333,6.0,43.9
300,42.963680555555555,11.160297222222223,10.0,38.0
301,42.963683333333336,11.160300000000001,4.0,36.8
302,42.98441666666667,11.55663888888889,240.0,37.2
303,42.985108333333336,12.485613888888889,10.0,16.5
304,42.999694444444444,11.419583333333332,175.0,294.0
305,43.000055555555555,11.545166666666667,230.0,54.6
306,43.000861111111114,11.559750000000001,203.0,44.1
307,43.00611111111111,11.54213888888889,142.0,52.7
308,43.02997222222222,11.540472222222222,206.0,43.6
309,43.04172222222222,11.54138888888889,160.0,150.0
310,43.07047222222223,11.560111111111112,150.0,212.0
311,43.07083333333334,11.563333333333334,143.0,58.6
312,43.071083333333334,11.530055555555556,160.0,39.1
313,43.07522222222222,11.575333333333333,68.0,37.2
314,43.09852777777778,12.116833333333334,,30.0
315,43.113166666666665,11.514388888888888,67.0,23.6
316,43.126222222222225,11.390638888888889,215.0,126.0
317,43.129444444444445,11.544,,58.8
318,43.129777777777775,11.541666666666666,48.0,40.3
319,43.13055555555555,11.544444444444444,34.0,50.3
320,43.13066666666667,11.53825,49.0,90.0
321,43.1325,11.5075,14.0,134.0
322,43.132777777777775,11.899719444444443,13.0,17.93
323,43.132777777777775,11.973416666666667,11.0,17.93
324,43.13311111111111,11.51475,43.0,53.4
325,43.13463888888889,11.518722222222223,45.0,375.0
326,43.13469444444444,11.540777777777778,47.0,42.8
327,43.13469444444444,12.38,8.0,12.45
328,43.13491666666667,11.534027777777778,47.0,353.0
329,43.13502777777778,11.532194444444444,40.0,63.9
330,43.13601944444444,11.518130555555556,17.0,10.52
331,43.13641666666667,11.526305555555556,39.0,39.6
332,43.13686111111111,11.533055555555556,37.0,176.0
333,43.13908333333333,11.389388888888888,198.0,25.9
334,43.13913888888889,11.533777777777777,31.0,57.9
335,43.142691666666664,12.054858333333334,10.0,41.0
336,43.148944444444446,11.512888888888888,34.0,48.6
337,43.15101666666666,11.518630555555557,16.0,22.48
338,43.151202777777776,11.518555555555556,14.0,16.42
339,43.152763888888884,11.5012,8.0,21.67
340,43.15680277777778,11.526794444444445,12.0,108.0
341,43.15683333333333,11.474916666666667,65.0,47.7
342,43.15697222222222,12.113083333333332,,33.0
343,43.157583333333335,11.5075,31.0,27.5
344,43.15997222222222,12.112499999999999,,30.0
345,43.160830555555556,11.518466666666667,11.0,21.48
346,43.16116666666667,11.504055555555556,33.0,130.0
347,43.16897222222222,11.4925,35.0,156.0
348,43.171166666666664,11.947416666666667,12.0,17.0
349,43.17363888888889,11.389277777777778,215.0,49.0
350,43.17821111111111,11.510052777777778,10.0,6.55
351,43.17838888888889,11.50535,11.0,34.4
352,43.17851388888889,11.508880555555555,15.0,20.8
353,43.17878888888889,11.505627777777777,9.0,18.4
354,43.17983888888889,11.5056,13.0,27.5
355,43.18014722222222,11.50985,12.0,64.6
356,43.18100833333333,11.506019444444444,10.0,9.44
357,43.183375,11.469413888888889,12.0,25.9
358,43.183524999999996,11.469358333333334,10.0,30.89
359,43.18610833333333,11.480830555555556,8.0,25.82
360,43.189527777777776,11.471055555555555,39.0,26.5
361,43.18958333333333,11.471083333333333,39.0,196.0
362,43.200919444444445,11.467591666666667,13.0,27.95
363,43.201663888888895,11.469291666666667,11.0,41.31
364,43.201797222222226,11.46925,13.0,33.61
365,43.20194166666667,11.467902777777779,21.0,19.99
366,43.20221666666667,11.483849999999999,9.0,16.02
367,43.202419444444445,11.468291666666667,18.0,158.25
368,43.203900000000004,11.462719444444444,42.0,26.8
369,43.20518888888889,11.462938888888889,37.0,22.3
370,43.20527777777778,12.051972222222222,,30.0
371,43.20545833333333,11.462919444444443,39.0,9.37
372,43.20869444444445,11.460916666666666,35.0,24.1
373,43.21091944444445,11.461938888888888,40.0,13.0
374,43.21158333333334,11.459222222222222,39.0,287.0
375,43.21413888888889,11.462944444444444,33.0,125.0
376,43.216680555555556,11.469141666666667,10.0,32.31
377,43.22025,11.459833333333332,32.0,104.0
378,43.227580555555555,11.963249999999999,8.0,42.0
379,43.284191666666665,11.967955555555555,9.0,1.18
380,43.284480555555554,11.967991666666666,10.0,41.9
381,43.28462222222222,11.967202777777779,11.0,3.99
382,43.284641666666666,11.967305555555555,12.0,14.87
383,43.284641666666666,11.967355555555555,8.0,0.93
384,43.288888888888884,11.977777777777778,9.0,18.74
385,43.289249999999996,11.971608333333334,12.0,33.16
386,43.29111111111111,11.971608333333334,11.0,18.0
387,43.34471944444444,12.087777777777779,8.0,31.31
388,43.34721944444445,11.988888888888889,10.0,33.16
389,43.35187777777778,12.283855555555556,10.0,55.42
